id,video_id,view_date,view_count
1,1,2026-10-01,420
2,1,2026-10-02,510
3,1,2026-10-03,620
4,2,2026-10-01,310
5,2,2026-10-02,450
6,2,2026-10-03,520
7,3,2026-10-01,280
8,3,2026-10-02,390
9,3,2026-10-03,470
10,4,2026-10-01,210
11,4,2026-10-02,330
12,4,2026-10-03,410
13,5,2026-10-01,180
14,5,2026-10-02,260
15,5,2026-10-03,350
16,6,2026-10-01,150
17,6,2026-10-02,220
18,6,2026-10-03,310
19,7,2026-10-01,120
20,7,2026-10-02,190
21,7,2026-10-03,250
22,8,2026-10-01,100
23,8,2026-10-02,170
24,8,2026-10-03,230
25,9,2026-10-01,90
26,9,2026-10-02,130
27,9,2026-10-03,180
28,10,2026-10-01,80
29,10,2026-10-02,120
30,10,2026-10-03,160
