id,title,description,thumbnail_url,video_url,category_id,views,duration,file_size_bytes,status,created_at
1,Introduction to JavaScript,JavaScript basic lesson,assets/images/js.jpg,assets/videos/js.mp4,1,12500,12:30,131072000,PUBLISHED,2026-09-01
2,HTML Basics,HTML introduction,assets/images/html.jpg,assets/videos/html.mp4,2,9800,08:45,83886080,PUBLISHED,2026-09-03
3,CSS Flexbox Tutorial,Learn CSS Flexbox,assets/images/css.jpg,assets/videos/css.mp4,2,8700,15:20,157286400,PUBLISHED,2026-09-05
4,Responsive Web Design,Responsive layout tutorial,assets/images/responsive.jpg,assets/videos/responsive.mp4,2,7600,18:10,178257920,PUBLISHED,2026-09-07
5,JavaScript DOM,Working with DOM,assets/images/dom.jpg,assets/videos/dom.mp4,1,6900,11:25,125829120,PUBLISHED,2026-09-10
6,UI Design Basics,Introduction to UI Design,assets/images/ui.jpg,assets/videos/ui.mp4,3,6100,10:05,104857600,PUBLISHED,2026-09-12
7,Git Basics,Learn Git,assets/images/git.jpg,assets/videos/git.mp4,1,5300,09:15,94371840,PUBLISHED,2026-09-14
8,Web Accessibility,Accessibility fundamentals,assets/images/a11y.jpg,assets/videos/a11y.mp4,2,4900,13:40,115343360,PUBLISHED,2026-09-16
9,Introduction to React,React introduction,assets/images/react.jpg,assets/videos/react.mp4,1,4500,16:00,146800640,DRAFT,2026-09-18
10,Modern CSS,Modern CSS techniques,assets/images/modern-css.jpg,assets/videos/modern-css.mp4,2,3900,14:30,136314880,PUBLISHED,2026-09-20
